order_id,date,customer_id,product_id,product,product_category,price,quantity,coupon_code,discount_pct,payment_method,shipping_city,shipping_province,sales_amount,coupon_discount_pct,gross_revenue,net_revenue,days_since_purchase
ON100762,2025-03-01,C11886,P2378,Lip Balm,Beauty,63.41,6.0,NO_COUPON,0,Credit Card,London,ON,380.46,0.0,380.46,380.46,647
ON100888,2025-03-01,C10858,P1339,Air Fryer,Home & Kitchen,55.39,5.0,WELCOME5,5,Interac,Guelph,ON,263.1,5.0,276.95,263.10249999999996,647
ON100375,2025-04-01,C12057,P8749,Coffee Maker,Home & Kitchen,81.91,3.0,NO_COUPON,0,Credit Card,Hamilton,ON,245.73,0.0,245.73,245.73,616
ON100459,2025-04-01,C10823,P9067,Baseball Cap,Apparel,93.35,3.0,NO_COUPON,0,Debit Card,Vaughan,ON,280.05,0.0,280.04999999999995,280.04999999999995,616
ON100833,2025-04-01,C10951,P1044,Cereal,Grocery,14.4,3.0,NO_COUPON,0,Credit Card,Scarborough,ON,43.2,0.0,43.2,43.2,616
ON100834,2025-04-01,C10123,P1692,Olive Oil,Grocery,9.2,2.0,NO_COUPON,0,Mobile Wallet,Toronto,ON,18.4,0.0,18.4,18.4,616
ON100102,2025-05-01,C10634,P7884,Power Bank,Electronics,206.19,3.0,WELCOME5,5,Credit Card,Toronto,ON,587.64,5.0,618.5699999999999,587.6415,586
ON100568,2025-05-01,C11354,P2757,Coffee Beans,Grocery,16.79,2.0,SAVE10,10,Debit Card,Scarborough,ON,30.22,10.0,33.58,30.221999999999998,586
ON100697,2025-05-01,C11862,P3401,Knife Set,Home & Kitchen,14.66,1.0,FREESHIP,0,PayPal,Guelph,ON,14.66,0.0,14.66,14.66,586
ON100298,2025-07-01,C11683,P2811,Dumbbells,Sports,153.1,1.0,NO_COUPON,0,Mobile Wallet,Kitchener,ON,153.1,0.0,153.1,153.1,525
ON100779,2025-08-01,C10701,P6290,Power Bank,Electronics,195.11,4.0,NO_COUPON,0,Credit Card,London,ON,780.44,0.0,780.44,780.44,494
ON100789,2025-08-01,C11864,P1630,Lip Balm,Beauty,55.81,2.0,WELCOME5,5,Debit Card,Brampton,ON,106.04,5.0,111.62,106.039,494
ON100404,2025-09-01,C10081,P2237,Cereal,Grocery,7.36,3.0,SAVE10,10,Debit Card,Toronto,ON,19.87,10.0,22.080000000000002,19.872000000000003,463
ON100827,2025-09-01,C12207,P2656,Dumbbells,Sports,21.49,3.0,NO_COUPON,0,Credit Card,Waterloo,ON,64.47,0.0,64.47,64.47,463
ON100877,2025-10-01,C11194,P9812,Pasta,Grocery,7.63,5.0,NO_COUPON,0,Mobile Wallet,London,ON,38.15,0.0,38.15,38.15,433
ON100409,2025-11-01,C10186,P8699,Wireless Mouse,Electronics,19.72,2.0,FREESHIP,0,Interac,London,ON,39.44,0.0,39.44,39.44,402
ON100472,2025-11-01,C11519,P1927,Granola Bars,Grocery,6.43,4.0,NO_COUPON,0,PayPal,Ottawa,ON,25.72,0.0,25.72,25.72,402
ON100229,2025-12-01,C10690,P7852,Water Bottle,Home & Kitchen,58.07,3.0,NO_COUPON,0,PayPal,Scarborough,ON,174.21,0.0,174.21,174.21,372
ON100577,2025-01-02,C12050,P4973,Body Lotion,Beauty,70.6,3.0,SAVE15,15,PayPal,Waterloo,ON,180.03,15.0,211.79999999999998,180.02999999999997,705
ON100836,2025-01-02,C12065,P6307,Storage Bin,Home & Kitchen,80.07,6.0,NO_COUPON,0,Credit Card,Toronto,ON,480.42,0.0,480.41999999999996,480.41999999999996,705
ON100539,2025-02-02,C11082,P2794,Basketball,Sports,126.76,4.0,SAVE15,15,Interac,Ottawa,ON,430.98,15.0,507.04,430.984,674
ON100875,2025-02-02,C10472,P6693,Power Bank,Electronics,49.69,5.0,FREESHIP,0,PayPal,Mississauga,ON,248.45,0.0,248.45,248.45,674
ON100535,2025-03-02,C11417,P4056,Water Bottle,Home & Kitchen,13.6,2.0,NO_COUPON,0,Credit Card,Kitchener,ON,27.2,0.0,27.2,27.2,646
ON100885,2025-03-02,C10575,P5558,Yoga Mat,Sports,14.4,1.0,SAVE10,10,Credit Card,Kitchener,ON,12.96,10.0,14.4,12.96,646
ON101006,2025-03-02,C10568,P8377,Granola Bars,Grocery,19.44,3.0,NO_COUPON,0,Credit Card,Brampton,ON,58.32,0.0,58.32000000000001,58.32000000000001,646
ON101011,2025-03-02,C12280,P7272,Wireless Keyboard,Electronics,92.9,3.0,WELCOME5,5,Credit Card,Barrie,ON,264.77,5.0,278.70000000000005,264.76500000000004,646
ON100846,2025-04-02,C10165,P5593,Wireless Keyboard,Electronics,126.78,1.0,SAVE15,15,Mobile Wallet,Windsor,ON,107.76,15.0,126.78,107.763,615
ON100148,2025-05-02,C12344,P8602,Cereal,Grocery,7.88,1.0,NO_COUPON,0,Mobile Wallet,Cambridge,ON,7.88,0.0,7.88,7.88,585
ON100611,2025-07-02,C11980,P8995,Lip Balm,Beauty,33.7,5.0,NO_COUPON,0,Interac,Scarborough,ON,168.5,0.0,168.5,168.5,524
ON100035,2025-08-02,C11466,P2461,Bluetooth Speaker,Electronics,30.31,3.0,NO_COUPON,0,Debit Card,Waterloo,ON,90.93,0.0,90.92999999999999,90.92999999999999,493
ON100275,2025-09-02,C11241,P1599,Coffee Maker,Home & Kitchen,154.98,1.0,SAVE10,10,Credit Card,Guelph,ON,139.48,10.0,154.98,139.482,462
ON100511,2025-10-02,C10452,P3362,Pasta,Grocery,10.67,4.0,FREESHIP,0,Credit Card,Cambridge,ON,42.68,0.0,42.68,42.68,432
ON100044,2025-11-02,C12376,P3808,Knife Set,Home & Kitchen,16.64,3.0,BOGO,20,Debit Card,Kitchener,ON,39.94,0.0,49.92,39.93600000000001,401
ON100381,2025-11-02,C10272,P5158,Webcam,Electronics,27.81,6.0,FREESHIP,0,Debit Card,Markham,ON,166.86,0.0,166.85999999999999,166.85999999999999,401
ON100886,2025-12-02,C10605,P8941,Knife Set,Home & Kitchen,45.31,4.0,NO_COUPON,0,Debit Card,Toronto,ON,181.24,0.0,181.24,181.24,371
ON100086,2025-01-03,C10978,P3513,Granola Bars,Grocery,5.82,2.0,WELCOME5,5,Credit Card,Brampton,ON,11.06,5.0,11.64,11.058,704
ON100581,2025-02-03,C10500,P6270,Granola Bars,Grocery,45.12,3.0,NO_COUPON,0,PayPal,Cambridge,ON,135.36,0.0,135.35999999999999,135.35999999999999,673
ON100879,2025-02-03,C12375,P1484,Winter Jacket,Apparel,82.04,3.0,SAVE15,15,Credit Card,London,ON,209.2,15.0,246.12,209.202,673
ON100573,2025-03-03,C10209,P8454,Knife Set,Home & Kitchen,14.43,4.0,NO_COUPON,0,PayPal,Waterloo,ON,57.72,0.0,57.72,57.72,645
ON100254,2025-04-03,C12024,P7397,Hoodie,Apparel,191.97,3.0,SAVE15,15,Debit Card,Scarborough,ON,489.52,15.0,575.91,489.52349999999996,614
ON100509,2025-05-03,C11231,P4579,Basketball,Sports,92.76,2.0,FREESHIP,0,PayPal,Vaughan,ON,185.52,0.0,185.52,185.52,584
ON100168,2025-06-03,C11766,P6959,Knife Set,Home & Kitchen,86.6,4.0,SAVE10,10,Interac,Cambridge,ON,311.76,10.0,346.4,311.76,553
ON100454,2025-06-03,C11157,P6379,Wireless Keyboard,Electronics,41.71,3.0,WELCOME5,5,Credit Card,Brampton,ON,118.87,5.0,125.13,118.87349999999999,553
ON100576,2025-06-03,C11500,P9493,Air Fryer,Home & Kitchen,83.44,4.0,FREESHIP,0,Credit Card,Scarborough,ON,333.76,0.0,333.76,333.76,553
ON100806,2025-06-03,C12364,P7570,Granola Bars,Grocery,5.16,1.0,NO_COUPON,5,Credit Card,Markham,ON,4.9,0.0,5.16,4.902,553
ON100305,2025-07-03,C11032,P6173,Coffee Maker,Home & Kitchen,83.62,2.0,NO_COUPON,0,PayPal,Barrie,ON,167.24,0.0,167.24,167.24,523
ON100317,2025-07-03,C12350,P7482,Granola Bars,Grocery,10.82,6.0,NO_COUPON,0,PayPal,Markham,ON,64.92,0.0,64.92,64.92,523
ON100474,2025-08-03,C10769,P2314,Granola Bars,Grocery,8.19,1.0,NO_COUPON,0,Mobile Wallet,London,ON,8.19,0.0,8.19,8.19,492
ON100796,2025-09-03,C12109,P5389,Power Bank,Electronics,79.24,5.0,SAVE10,10,Mobile Wallet,Waterloo,ON,356.58,10.0,396.2,356.58,461
ON100118,2025-11-03,C10226,P9987,Power Bank,Electronics,140.76,5.0,WELCOME5,5,Debit Card,Hamilton,ON,668.61,5.0,703.8,668.6099999999999,400
ON100494,2025-11-03,C12091,P6878,Shampoo,Beauty,35.97,2.0,NO_COUPON,0,Credit Card,Scarborough,ON,71.94,0.0,71.94,71.94,400
ON100861,2025-11-03,C10276,P4729,Face Cleanser,Beauty,45.86,2.0,NO_COUPON,0,Credit Card,Mississauga,ON,91.72,0.0,91.72,91.72,400
ON100359,2025-12-03,C12265,P6497,Blender,Home & Kitchen,167.31,3.0,NO_COUPON,0,Mobile Wallet,Kitchener,ON,501.93,0.0,501.93,501.93,370
ON100531,2025-12-03,C10325,P5633,Cereal,Grocery,10.43,3.0,NO_COUPON,0,Credit Card,Brampton,ON,31.29,0.0,31.29,31.29,370
ON101005,2025-12-03,C11902,P7676,Water Bottle Sport,Sports,176.73,2.0,SAVE10,10,Debit Card,Brampton,ON,318.11,10.0,353.46,318.114,370
ON100924,2025-01-04,C12182,P8329,Wireless Mouse,Electronics,21.13,3.0,NO_COUPON,0,Credit Card,Brampton,ON,63.39,0.0,63.39,63.39,703
ON100269,2025-02-04,C10761,P6459,Coffee Beans,Grocery,11.27,3.0,SAVE10,10,Credit Card,Kitchener,ON,30.43,10.0,33.81,30.429000000000002,672
ON100351,2025-02-04,C12358,P4797,Wireless Keyboard,Electronics,55.79,6.0,SAVE10,10,PayPal,London,ON,301.27,10.0,334.74,301.266,672
ON100178,2025-03-04,C10598,P5409,Running Shoes,Apparel,87.39,6.0,BOGO,20,Interac,Barrie,ON,419.47,0.0,524.34,419.47200000000004,644
ON100057,2025-04-04,C11418,P1003,Olive Oil,Grocery,3.89,3.0,BOGO,20,Mobile Wallet,Windsor,ON,9.34,0.0,11.67,9.336,613
ON100384,2025-04-04,C11606,P1659,Blender,Home & Kitchen,8.36,2.0,SAVE15,15,Interac,Hamilton,ON,14.21,15.0,16.72,14.211999999999998,613
ON100529,2025-04-04,C11697,P9638,USB-C Hub,Electronics,49.22,3.0,NO_COUPON,0,Credit Card,Barrie,ON,147.66,0.0,147.66,147.66,613
ON100946,2025-04-04,C12375,P3130,Storage Bin,Home & Kitchen,8.3,1.0,NO_COUPON,0,Credit Card,Mississauga,ON,8.3,0.0,8.3,8.3,613
ON100526,2025-05-04,C10541,P7417,Face Cleanser,Beauty,10.37,4.0,NO_COUPON,0,Credit Card,Markham,ON,41.48,0.0,41.48,41.48,583
ON100835,2025-05-04,C12450,P6731,Knife Set,Home & Kitchen,107.98,3.0,NO_COUPON,0,Interac,Hamilton,ON,323.94,0.0,323.94,323.94,583
ON100872,2025-05-04,C10633,P1181,USB-C Hub,Electronics,33.49,4.0,FREESHIP,0,Debit Card,Waterloo,ON,133.96,0.0,133.96,133.96,583
ON100739,2025-06-04,C10114,P7529,Granola Bars,Grocery,25.03,4.0,FREESHIP,0,Interac,Waterloo,ON,100.12,0.0,100.12,100.12,552
ON100923,2025-06-04,C10757,P3859,Knife Set,Home & Kitchen,13.21,2.0,FREESHIP,0,Mobile Wallet,Vaughan,ON,26.42,0.0,26.42,26.42,552
ON100082,2025-08-04,C11994,P6451,Shampoo,Beauty,35.07,5.0,NO_COUPON,0,Debit Card,Kitchener,ON,175.35,0.0,175.35,175.35,491
ON100175,2025-08-04,C11310,P3727,Water Bottle,Home & Kitchen,53.5,5.0,NO_COUPON,0,Debit Card,Scarborough,ON,267.5,0.0,267.5,267.5,491
ON100283,2025-08-04,C11097,P4435,Olive Oil,Grocery,15.83,3.0,SAVE15,15,Credit Card,Brampton,ON,40.37,15.0,47.49,40.3665,491
ON100344,2025-10-04,C11563,P9141,Coffee Beans,Grocery,7.7,4.0,SAVE15,15,Credit Card,Scarborough,ON,26.18,15.0,30.8,26.18,430
ON100040,2025-11-04,C12393,P5933,Winter Jacket,Apparel,127.33,2.0,SAVE15,15,Debit Card,Ottawa,ON,216.46,15.0,254.66,216.46099999999998,399
ON100183,2025-11-04,C12179,P9055,Air Fryer,Home & Kitchen,80.84,3.0,NO_COUPON,0,Debit Card,Cambridge,ON,242.52,0.0,242.52,242.52,399
ON100461,2025-11-04,C12190,P4918,T-Shirt,Apparel,80.35,2.0,FREESHIP,0,Debit Card,Barrie,ON,160.7,0.0,160.7,160.7,399
ON100525,2025-11-04,C11622,P3075,Shampoo,Beauty,91.4,3.0,SAVE10,10,Debit Card,Ottawa,ON,246.78,10.0,274.20000000000005,246.78000000000006,399
ON100615,2025-11-04,C11012,P2335,Bluetooth Speaker,Electronics,185.22,1.0,WELCOME5,5,Credit Card,Guelph,ON,175.96,5.0,185.22,175.959,399
ON100165,2025-12-04,C10734,P2684,Wireless Mouse,Electronics,170.54,2.0,NO_COUPON,0,Credit Card,Guelph,ON,341.08,0.0,341.08,341.08,369
ON100693,2025-12-04,C11826,P5757,Olive Oil,Grocery,36.49,1.0,NO_COUPON,0,Credit Card,Vaughan,ON,36.49,0.0,36.49,36.49,369
ON100826,2025-01-05,C12445,P3685,Running Shoes,Apparel,53.52,5.0,NO_COUPON,0,Interac,Hamilton,ON,267.6,0.0,267.6,267.6,702
ON100101,2025-02-05,C12411,P9408,Wireless Keyboard,Electronics,51.7,3.0,FREESHIP,0,Credit Card,Brampton,ON,155.1,0.0,155.10000000000002,155.10000000000002,671
ON100420,2025-02-05,C10980,P1745,Webcam,Electronics,43.19,3.0,SAVE10,10,Credit Card,Vaughan,ON,116.61,10.0,129.57,116.613,671
ON100008,2025-03-05,C12481,P3541,Air Fryer,Home & Kitchen,12.02,1.0,SAVE10,10,PayPal,Scarborough,ON,10.82,10.0,12.02,10.818,643
ON100220,2025-03-05,C10549,P4965,Air Fryer,Home & Kitchen,41.47,3.0,SAVE15,15,Interac,Hamilton,ON,105.75,15.0,124.41,105.74849999999999,643
ON100644,2025-03-05,C11624,P3658,Moisturizer,Beauty,12.9,2.0,NO_COUPON,0,PayPal,Hamilton,ON,25.8,0.0,25.8,25.8,643
ON100655,2025-03-05,C11028,P7907,Water Bottle,Home & Kitchen,13.3,3.0,NO_COUPON,0,Credit Card,Windsor,ON,39.9,0.0,39.900000000000006,39.900000000000006,643
ON100860,2025-03-05,C11709,P9047,Granola Bars,Grocery,31.88,4.0,SAVE15,15,PayPal,Scarborough,ON,108.39,15.0,127.52,108.392,643
ON100333,2025-04-05,C10326,P6421,Power Bank,Electronics,19.1,5.0,NO_COUPON,0,PayPal,Vaughan,ON,95.5,0.0,95.5,95.5,612
ON100724,2025-07-05,C10758,P4653,Water Bottle,Home & Kitchen,47.37,3.0,SAVE15,15,Credit Card,Kitchener,ON,120.79,15.0,142.10999999999999,120.79349999999998,521
ON100140,2025-11-05,C11727,P8359,Knife Set,Home & Kitchen,35.23,3.0,NO_COUPON,0,Debit Card,London,ON,105.69,0.0,105.69,105.69,398
ON100561,2025-01-06,C10068,P7162,Lip Balm,Beauty,40.78,3.0,NO_COUPON,0,Credit Card,Markham,ON,122.34,0.0,122.34,122.34,701
ON100609,2025-01-06,C11845,P4518,Running Shoes,Apparel,97.5,4.0,SAVE10,10,Credit Card,Vaughan,ON,351.0,10.0,390.0,351.0,701
ON100477,2025-02-06,C11183,P7351,Basketball,Sports,56.4,2.0,NO_COUPON,0,Mobile Wallet,Windsor,ON,112.8,0.0,112.8,112.8,670
ON100686,2025-03-06,C10864,P4248,Pasta,Grocery,4.01,1.0,FREESHIP,0,Credit Card,Markham,ON,4.01,0.0,4.01,4.01,642
ON100905,2025-04-06,C11010,P8835,Running Shoes,Apparel,15.52,2.0,NO_COUPON,0,Credit Card,Waterloo,ON,31.04,0.0,31.04,31.04,611
ON100340,2025-05-06,C12298,P5598,Tea,Grocery,4.6,2.0,SAVE10,10,Interac,Waterloo,ON,8.28,10.0,9.2,8.28,581
ON100919,2025-06-06,C11836,P3184,Blender,Home & Kitchen,17.11,4.0,NO_COUPON,0,Credit Card,Waterloo,ON,68.44,0.0,68.44,68.44,550
ON100207,2025-08-06,C10669,P5310,Bluetooth Speaker,Electronics,54.12,3.0,NO_COUPON,0,PayPal,Guelph,ON,162.36,0.0,162.35999999999999,162.35999999999999,489
ON100205,2025-09-06,C12126,P1591,Webcam,Electronics,95.94,1.0,SAVE15,15,PayPal,Kitchener,ON,81.55,15.0,95.94,81.54899999999999,458
ON100374,2025-09-06,C11071,P6213,Dumbbells,Sports,20.18,2.0,NO_COUPON,0,Debit Card,London,ON,40.36,0.0,40.36,40.36,458
ON100202,2025-11-06,C11108,P5749,Basketball,Sports,53.56,2.0,SAVE15,15,Debit Card,Barrie,ON,91.05,15.0,107.12,91.052,397
ON100610,2025-11-06,C11245,P9546,Face Cleanser,Beauty,53.22,2.0,NO_COUPON,0,Interac,Markham,ON,106.44,0.0,106.44,106.44,397
ON100288,2025-12-06,C11253,P1227,Power Bank,Electronics,41.43,2.0,SAVE10,10,Credit Card,Markham,ON,74.57,10.0,82.86,74.574,367
ON100347,2025-01-07,C12141,P4854,Webcam,Electronics,25.53,2.0,SAVE10,10,Credit Card,Vaughan,ON,45.95,10.0,51.06,45.954,700
ON100956,2025-01-07,C10256,P6473,Hoodie,Apparel,17.42,5.0,NO_COUPON,0,PayPal,Brampton,ON,87.1,0.0,87.10000000000001,87.10000000000001,700
ON100259,2025-02-07,C12156,P7116,Face Cleanser,Beauty,15.87,5.0,NO_COUPON,0,PayPal,Cambridge,ON,79.35,0.0,79.35,79.35,669
ON100436,2025-02-07,C11311,P4193,USB-C Hub,Electronics,123.44,4.0,FREESHIP,0,Credit Card,Cambridge,ON,493.76,0.0,493.76,493.76,669
ON100914,2025-02-07,C10377,P7998,Moisturizer,Beauty,28.79,2.0,NO_COUPON,0,Credit Card,Brampton,ON,57.58,0.0,57.58,57.58,669
ON100186,2025-03-07,C10472,P4079,Coffee Beans,Grocery,11.86,2.0,SAVE15,15,Mobile Wallet,Hamilton,ON,20.16,15.0,23.72,20.162,641
ON100302,2025-03-07,C10007,P6005,Blender,Home & Kitchen,65.27,2.0,FREESHIP,0,Credit Card,Mississauga,ON,130.54,0.0,130.54,130.54,641
ON100790,2025-03-07,C11118,P8734,Face Cleanser,Beauty,18.64,2.0,BOGO,20,Credit Card,Toronto,ON,29.82,0.0,37.28,29.824,641
ON100134,2025-04-07,C10057,P5304,Dumbbells,Sports,99.2,2.0,WELCOME5,5,Credit Card,Cambridge,ON,188.48,5.0,198.4,188.48,610
ON100222,2025-05-07,C12169,P7197,Hoodie,Apparel,43.13,2.0,NO_COUPON,0,Debit Card,Ottawa,ON,86.26,0.0,86.26,86.26,580
ON100235,2025-07-07,C11546,P2728,Knife Set,Home & Kitchen,16.26,2.0,SAVE15,15,Interac,Markham,ON,27.64,15.0,32.52,27.642000000000003,519
ON100327,2025-08-07,C12141,P5942,Power Bank,Electronics,74.2,2.0,SAVE15,15,Mobile Wallet,Waterloo,ON,126.14,15.0,148.4,126.14,488
ON100394,2025-08-07,C10023,P2582,Granola Bars,Grocery,3.23,4.0,NO_COUPON,0,Mobile Wallet,Guelph,ON,12.92,0.0,12.92,12.92,488
ON100519,2025-08-07,C10826,P2422,Blender,Home & Kitchen,13.78,5.0,BOGO,20,PayPal,Ottawa,ON,55.12,0.0,68.89999999999999,55.12,488
ON100087,2025-09-07,C10481,P2388,Fitness Tracker,Sports,11.6,6.0,NO_COUPON,0,Credit Card,Vaughan,ON,69.6,0.0,69.6,69.6,457
ON100441,2025-10-07,C12323,P3177,Running Shoes,Apparel,82.53,3.0,NO_COUPON,0,Debit Card,Barrie,ON,247.59,0.0,247.59,247.59,427
ON100737,2025-10-07,C10282,P5235,Power Bank,Electronics,180.31,4.0,NO_COUPON,0,Credit Card,Kitchener,ON,721.24,0.0,721.24,721.24,427
ON100738,2025-10-07,C11219,P8711,Granola Bars,Grocery,38.98,4.0,NO_COUPON,0,PayPal,Kitchener,ON,155.92,0.0,155.92,155.92,427
ON100999,2025-10-07,C11406,P8026,Webcam,Electronics,93.7,4.0,NO_COUPON,0,PayPal,Cambridge,ON,374.8,0.0,374.8,374.8,427
ON101019,2025-10-07,C12021,P4779,Pasta,Grocery,9.88,2.0,NO_COUPON,0,Credit Card,Toronto,ON,19.76,0.0,19.76,19.76,427
ON100304,2025-11-07,C11547,P3032,Face Cleanser,Beauty,22.3,2.0,SAVE10,10,Credit Card,London,ON,40.14,10.0,44.6,40.14,396
ON100362,2025-11-07,C10080,P9791,Moisturizer,Beauty,10.43,2.0,NO_COUPON,0,Credit Card,Markham,ON,20.86,0.0,20.86,20.86,396
ON100787,2025-11-07,C11362,P5509,Olive Oil,Grocery,3.11,1.0,NO_COUPON,0,Credit Card,Cambridge,ON,3.11,0.0,3.11,3.11,396
ON100973,2025-11-07,C10548,P3332,USB-C Hub,Electronics,31.54,3.0,NO_COUPON,15,Credit Card,Waterloo,ON,80.43,0.0,94.62,80.427,396
ON100332,2025-12-07,C10142,P6745,Yoga Mat,Sports,160.36,3.0,SAVE15,15,PayPal,Windsor,ON,408.92,15.0,481.08000000000004,408.918,366
ON100953,2025-12-07,C10487,P5915,Dumbbells,Sports,23.04,1.0,NO_COUPON,0,Credit Card,Mississauga,ON,23.04,0.0,23.04,23.04,366
ON100964,2025-01-08,C10199,P4632,Power Bank,Electronics,21.49,2.0,BOGO,20,Mobile Wallet,Vaughan,ON,34.38,0.0,42.98,34.384,699
ON100043,2025-04-08,C11811,P6812,Webcam,Electronics,109.95,2.0,BOGO,20,Credit Card,London,ON,175.92,0.0,219.9,175.92000000000002,609
ON100514,2025-06-08,C10488,P1469,Granola Bars,Grocery,40.89,3.0,FREESHIP,0,Credit Card,London,ON,122.67,0.0,122.67,122.67,548
ON100754,2025-07-08,C11885,P5946,Storage Bin,Home & Kitchen,34.27,3.0,SAVE10,10,Debit Card,Mississauga,ON,92.53,10.0,102.81,92.52900000000001,518
ON100983,2025-07-08,C11273,P3937,Face Cleanser,Beauty,49.24,4.0,WELCOME5,5,Credit Card,Windsor,ON,187.11,5.0,196.96,187.112,518
ON100190,2025-08-08,C11960,P3220,Tea,Grocery,17.28,2.0,NO_COUPON,0,PayPal,Kitchener,ON,34.56,0.0,34.56,34.56,487
ON100052,2025-09-08,C11421,P2801,Baseball Cap,Apparel,12.15,5.0,SAVE10,10,Credit Card,Barrie,ON,54.68,10.0,60.75,54.675000000000004,456
ON100296,2025-09-08,C10931,P3120,Lip Balm,Beauty,63.07,2.0,SAVE10,10,Credit Card,Toronto,ON,113.53,10.0,126.14,113.526,456
ON100735,2025-10-08,C12407,P9149,Power Bank,Electronics,121.99,4.0,BOGO,20,Debit Card,Waterloo,ON,390.37,0.0,487.96,390.368,426
ON100062,2025-11-08,C10436,P7284,Blender,Home & Kitchen,117.06,2.0,SAVE15,15,Debit Card,Windsor,ON,199.0,15.0,234.12,199.002,395
ON100197,2025-11-08,C12280,P8238,Tea,Grocery,5.08,3.0,NO_COUPON,0,Debit Card,Guelph,ON,15.24,0.0,15.24,15.24,395
ON100387,2025-11-08,C10359,P3145,Resistance Bands,Sports,13.75,3.0,SAVE10,10,Debit Card,Cambridge,ON,37.12,10.0,41.25,37.125,395
ON100621,2025-11-08,C12489,P3426,Wireless Keyboard,Electronics,44.46,5.0,SAVE10,10,Credit Card,Guelph,ON,200.07,10.0,222.3,200.07000000000002,395
ON100619,2025-12-08,C10354,P1131,Hoodie,Apparel,133.18,3.0,WELCOME5,5,Credit Card,Toronto,ON,379.56,5.0,399.54,379.563,365
ON100942,2025-01-09,C10784,P2946,Knife Set,Home & Kitchen,89.81,4.0,WELCOME5,5,Credit Card,Cambridge,ON,341.28,5.0,359.24,341.278,698
ON100026,2025-02-09,C10961,P6614,Resistance Bands,Sports,121.39,1.0,NO_COUPON,0,Debit Card,Ottawa,ON,121.39,0.0,121.39,121.39,667
ON100578,2025-03-09,C11155,P5560,Jeans,Apparel,24.63,2.0,SAVE10,10,Credit Card,Brampton,ON,44.33,10.0,49.26,44.333999999999996,639
ON100928,2025-03-09,C11893,P5650,Jeans,Apparel,67.6,2.0,SAVE15,15,Debit Card,Mississauga,ON,114.92,15.0,135.2,114.91999999999999,639
ON100161,2025-04-09,C12071,P1101,USB-C Hub,Electronics,62.75,5.0,NO_COUPON,0,Mobile Wallet,Kitchener,ON,313.75,0.0,313.75,313.75,608
ON100678,2025-04-09,C10597,P4830,Bluetooth Speaker,Electronics,114.47,2.0,NO_COUPON,0,Credit Card,Vaughan,ON,228.94,0.0,228.94,228.94,608
ON100142,2025-05-09,C10430,P3157,Coffee Maker,Home & Kitchen,14.98,2.0,SAVE15,15,Credit Card,Scarborough,ON,25.47,15.0,29.96,25.466,578
ON100160,2025-06-09,C11497,P8769,Jeans,Apparel,32.84,5.0,NO_COUPON,0,Credit Card,Windsor,ON,164.2,0.0,164.20000000000002,164.20000000000002,547
ON100947,2025-06-09,C10573,P8499,Shampoo,Beauty,11.9,5.0,FREESHIP,0,Credit Card,Markham,ON,59.5,0.0,59.5,59.5,547
ON100064,2025-07-09,C11737,P1204,Winter Jacket,Apparel,209.38,1.0,NO_COUPON,0,PayPal,Waterloo,ON,209.38,0.0,209.38,209.38,517
ON100367,2025-07-09,C12286,P7545,USB-C Hub,Electronics,122.04,2.0,NO_COUPON,0,Credit Card,Windsor,ON,244.08,0.0,244.08,244.08,517
ON100893,2025-07-09,C10803,P9417,Granola Bars,Grocery,9.64,2.0,NO_COUPON,0,Interac,Windsor,ON,19.28,0.0,19.28,19.28,517
ON100945,2025-07-09,C11396,P6567,Webcam,Electronics,44.2,2.0,NO_COUPON,0,Mobile Wallet,Barrie,ON,88.4,0.0,88.4,88.4,517
ON100489,2025-08-09,C10053,P5803,Fitness Tracker,Sports,60.7,3.0,BOGO,20,Debit Card,Markham,ON,145.68,0.0,182.10000000000002,145.68000000000004,486
ON100244,2025-10-09,C10877,P2597,Wireless Mouse,Electronics,90.93,4.0,NO_COUPON,0,Debit Card,Mississauga,ON,363.72,0.0,363.72,363.72,425
ON100565,2025-10-09,C12313,P2624,Yoga Mat,Sports,94.35,5.0,SAVE10,10,Debit Card,Kitchener,ON,424.58,10.0,471.75,424.575,425
ON100162,2025-11-09,C11943,P8057,Coffee Maker,Home & Kitchen,95.54,4.0,WELCOME5,5,PayPal,Kitchener,ON,363.05,5.0,382.16,363.052,394
ON100271,2025-11-09,C10661,P5181,Pasta,Grocery,33.0,3.0,SAVE10,10,Credit Card,Kitchener,ON,89.1,10.0,99.0,89.10000000000001,394
ON100419,2025-11-09,C10226,P1334,Fitness Tracker,Sports,138.96,4.0,NO_COUPON,0,PayPal,Guelph,ON,555.84,0.0,555.84,555.84,394
ON100616,2025-11-09,C12115,P7305,Olive Oil,Grocery,3.9,5.0,SAVE15,15,Debit Card,Kitchener,ON,16.58,15.0,19.5,16.575,394
ON100915,2025-11-09,C10432,P2687,Webcam,Electronics,118.08,3.0,NO_COUPON,0,Mobile Wallet,Ottawa,ON,354.24,0.0,354.24,354.24,394
ON100957,2025-11-09,C11513,P8233,Running Shoes,Apparel,179.78,4.0,SAVE10,10,Credit Card,Waterloo,ON,647.21,10.0,719.12,647.208,394
ON100458,2025-12-09,C12252,P7069,Lip Balm,Beauty,12.08,4.0,NO_COUPON,0,Interac,Windsor,ON,48.32,0.0,48.32,48.32,364
ON100721,2025-12-09,C12266,P5143,Webcam,Electronics,200.21,1.0,NO_COUPON,0,Mobile Wallet,Toronto,ON,200.21,0.0,200.21,200.21,364
ON100019,2025-01-10,C11373,P9625,Winter Jacket,Apparel,15.19,2.0,NO_COUPON,0,Credit Card,Kitchener,ON,30.38,0.0,30.38,30.38,697
ON100030,2025-01-10,C11601,P4405,Wireless Mouse,Electronics,36.83,1.0,WELCOME5,5,Credit Card,Toronto,ON,34.99,5.0,36.83,34.988499999999995,697
ON100499,2025-03-10,C10510,P7057,Face Cleanser,Beauty,69.73,3.0,NO_COUPON,0,PayPal,Ottawa,ON,209.19,0.0,209.19,209.19,638
ON100781,2025-03-10,C10675,P7296,Granola Bars,Grocery,19.46,3.0,NO_COUPON,0,PayPal,Brampton,ON,58.38,0.0,58.38,58.38,638
ON100821,2025-03-10,C10040,P4178,Cereal,Grocery,53.58,4.0,NO_COUPON,0,Mobile Wallet,Guelph,ON,214.32,0.0,214.32,214.32,638
ON100218,2025-04-10,C11339,P2242,Moisturizer,Beauty,64.53,4.0,NO_COUPON,0,Credit Card,Brampton,ON,258.12,0.0,258.12,258.12,607
ON100530,2025-04-10,C11660,P3020,Granola Bars,Grocery,4.49,1.0,NO_COUPON,0,Mobile Wallet,Ottawa,ON,4.49,0.0,4.49,4.49,607
ON100859,2025-04-10,C10550,P9853,Hair Dryer,Beauty,21.69,5.0,NO_COUPON,0,Credit Card,Hamilton,ON,108.45,0.0,108.45,108.45,607
ON100201,2025-05-10,C12172,P6749,Moisturizer,Beauty,45.5,1.0,NO_COUPON,0,Mobile Wallet,Ottawa,ON,45.5,0.0,45.5,45.5,577
ON100112,2025-06-10,C11490,P9717,Coffee Beans,Grocery,3.94,7.0,NO_COUPON,0,Credit Card,Brampton,ON,27.58,0.0,27.58,27.58,546
ON100786,2025-06-10,C10407,P8318,Air Fryer,Home & Kitchen,174.96,3.0,NO_COUPON,0,Mobile Wallet,Waterloo,ON,524.88,0.0,524.88,524.88,546
ON100891,2025-06-10,C12247,P9377,Coffee Beans,Grocery,4.23,3.0,NO_COUPON,0,Debit Card,Hamilton,ON,12.69,0.0,12.690000000000001,12.690000000000001,546
ON100902,2025-06-10,C10980,P7240,Resistance Bands,Sports,179.81,2.0,NO_COUPON,0,Credit Card,London,ON,359.62,0.0,359.62,359.62,546
ON100329,2025-07-10,C12411,P9523,Water Bottle,Home & Kitchen,39.78,4.0,NO_COUPON,0,Credit Card,Cambridge,ON,159.12,0.0,159.12,159.12,516
ON100638,2025-07-10,C10643,P6140,Webcam,Electronics,72.58,2.0,NO_COUPON,0,PayPal,Cambridge,ON,145.16,0.0,145.16,145.16,516
ON100173,2025-08-10,C10497,P7961,Air Fryer,Home & Kitchen,19.72,2.0,FREESHIP,0,Credit Card,Cambridge,ON,39.44,0.0,39.44,39.44,485
ON100604,2025-08-10,C10954,P7519,Power Bank,Electronics,65.09,3.0,SAVE10,10,Credit Card,Kitchener,ON,175.74,10.0,195.27,175.74300000000002,485
ON100925,2025-08-10,C10626,P4654,Power Bank,Electronics,86.95,4.0,WELCOME5,5,Debit Card,Ottawa,ON,330.41,5.0,347.8,330.40999999999997,485
ON100072,2025-09-10,C11498,P7541,USB-C Hub,Electronics,38.99,3.0,FREESHIP,0,Credit Card,Cambridge,ON,116.97,0.0,116.97,116.97,454
ON100227,2025-09-10,C11667,P7429,Hoodie,Apparel,58.96,4.0,NO_COUPON,0,Interac,Brampton,ON,235.84,0.0,235.84,235.84,454
ON100479,2025-09-10,C10223,P3559,Hair Dryer,Beauty,74.05,3.0,NO_COUPON,0,Credit Card,Vaughan,ON,222.15,0.0,222.14999999999998,222.14999999999998,454
ON100700,2025-10-10,C10269,P9960,Hoodie,Apparel,44.57,3.0,WELCOME5,5,Mobile Wallet,Vaughan,ON,127.02,5.0,133.71,127.0245,424
ON100053,2025-11-10,C12124,P7433,Air Fryer,Home & Kitchen,47.36,3.0,NO_COUPON,0,PayPal,Waterloo,ON,142.08,0.0,142.07999999999998,142.07999999999998,393
ON100273,2025-11-10,C12185,P1854,Knife Set,Home & Kitchen,144.56,3.0,NO_COUPON,0,Interac,Windsor,ON,433.68,0.0,433.68,433.68,393
ON100468,2025-11-10,C10349,P2035,Fitness Tracker,Sports,23.97,2.0,SAVE10,10,Debit Card,Toronto,ON,43.15,10.0,47.94,43.146,393
ON100658,2025-02-11,C11240,P4857,Granola Bars,Grocery,4.65,4.0,WELCOME5,5,Credit Card,Markham,ON,17.67,5.0,18.6,17.67,665
ON100993,2025-02-11,C11077,P4041,Wireless Mouse,Electronics,178.75,5.0,BOGO,20,Credit Card,Cambridge,ON,715.0,0.0,893.75,715.0,665
ON100113,2025-03-11,C10061,P5862,Fitness Tracker,Sports,33.68,2.0,SAVE10,10,Credit Card,Waterloo,ON,60.62,10.0,67.36,60.624,637
ON100156,2025-03-11,C10383,P7025,Coffee Beans,Grocery,18.8,3.0,BOGO,20,Credit Card,Cambridge,ON,45.12,0.0,56.400000000000006,45.120000000000005,637
ON100549,2025-03-11,C12134,P1940,Coffee Maker,Home & Kitchen,9.4,2.0,NO_COUPON,0,Credit Card,Barrie,ON,18.8,0.0,18.8,18.8,637
ON100620,2025-03-11,C11420,P4247,Jeans,Apparel,67.02,1.0,NO_COUPON,0,Mobile Wallet,London,ON,67.02,0.0,67.02,67.02,637
ON100864,2025-03-11,C12403,P2199,Bluetooth Speaker,Electronics,111.77,6.0,NO_COUPON,0,Credit Card,Scarborough,ON,670.62,0.0,670.62,670.62,637
ON100414,2025-04-11,C12436,P1772,Knife Set,Home & Kitchen,9.13,3.0,BOGO,20,Debit Card,Hamilton,ON,21.91,0.0,27.39,21.912000000000003,606
ON100439,2025-05-11,C10075,P3658,Olive Oil,Grocery,3.65,1.0,SAVE10,10,PayPal,Vaughan,ON,3.28,10.0,3.65,3.285,576
ON100926,2025-05-11,C10161,P2629,Bluetooth Speaker,Electronics,86.57,2.0,SAVE10,10,Credit Card,Cambridge,ON,155.83,10.0,173.14,155.826,576
ON100016,2025-08-11,C10784,P5770,Moisturizer,Beauty,70.07,2.0,SAVE10,10,Interac,Mississauga,ON,126.13,10.0,140.14,126.12599999999999,484
ON100985,2025-08-11,C10733,P8094,Storage Bin,Home & Kitchen,72.73,3.0,NO_COUPON,0,Mobile Wallet,Windsor,ON,218.19,0.0,218.19,218.19,484
ON100338,2025-09-11,C10080,P6787,Baseball Cap,Apparel,13.57,4.0,SAVE15,15,Credit Card,Scarborough,ON,46.14,15.0,54.28,46.138,453
ON100600,2025-09-11,C11123,P1638,Granola Bars,Grocery,10.7,7.0,SAVE15,15,Mobile Wallet,Guelph,ON,63.66,15.0,74.89999999999999,63.66499999999999,453
ON100791,2025-09-11,C10768,P4919,USB-C Hub,Electronics,28.19,3.0,WELCOME5,5,Mobile Wallet,Hamilton,ON,80.34,5.0,84.57000000000001,80.3415,453
ON100542,2025-10-11,C10077,P7959,Tea,Grocery,35.93,3.0,FREESHIP,0,Interac,Hamilton,ON,107.79,0.0,107.78999999999999,107.78999999999999,423
ON100360,2025-11-11,C12442,P1971,Air Fryer,Home & Kitchen,20.45,4.0,SAVE15,15,Debit Card,Kitchener,ON,69.53,15.0,81.8,69.53,392
ON100707,2025-11-11,C12178,P3040,Wireless Mouse,Electronics,223.0,5.0,NO_COUPON,0,Credit Card,Guelph,ON,1115.0,0.0,1115.0,1115.0,392
ON100691,2025-12-11,C10482,P4666,Storage Bin,Home & Kitchen,43.68,1.0,NO_COUPON,0,Credit Card,Brampton,ON,43.68,0.0,43.68,43.68,362
ON100995,2025-12-11,C11957,P4075,Lip Balm,Beauty,53.17,5.0,NO_COUPON,0,Interac,Scarborough,ON,265.85,0.0,265.85,265.85,362
ON101000,2025-12-11,C12321,P1047,Fitness Tracker,Sports,17.21,3.0,NO_COUPON,0,Mobile Wallet,Guelph,ON,51.63,0.0,51.63,51.63,362
ON100646,2025-02-12,C10235,P7516,Wireless Keyboard,Electronics,219.78,2.0,FREESHIP,0,PayPal,Barrie,ON,439.56,0.0,439.56,439.56,664
ON100751,2025-02-12,C11848,P7067,Jeans,Apparel,50.14,3.0,BOGO,20,Debit Card,Kitchener,ON,120.34,0.0,150.42000000000002,120.33600000000001,664
ON100033,2025-03-12,C12481,P4377,Baseball Cap,Apparel,60.65,2.0,NO_COUPON,0,Credit Card,Barrie,ON,121.3,0.0,121.3,121.3,636
ON100130,2025-03-12,C10041,P5420,Jeans,Apparel,25.39,1.0,NO_COUPON,0,Debit Card,Waterloo,ON,25.39,0.0,25.39,25.39,636
ON100303,2025-03-12,C11595,P6340,Wireless Mouse,Electronics,44.59,2.0,WELCOME5,5,PayPal,Markham,ON,84.72,5.0,89.18,84.721,636
ON100324,2025-03-12,C11336,P7473,Pasta,Grocery,11.32,4.0,NO_COUPON,0,Debit Card,Cambridge,ON,45.28,0.0,45.28,45.28,636
ON100744,2025-03-12,C10091,P2370,Jeans,Apparel,44.8,3.0,NO_COUPON,0,Mobile Wallet,Ottawa,ON,134.4,0.0,134.39999999999998,134.39999999999998,636
ON100111,2025-04-12,C11004,P2289,Jeans,Apparel,47.63,3.0,NO_COUPON,0,Credit Card,London,ON,142.89,0.0,142.89000000000001,142.89000000000001,605
ON100450,2025-04-12,C10996,P4979,Bluetooth Speaker,Electronics,65.27,2.0,NO_COUPON,0,Debit Card,Barrie,ON,130.54,0.0,130.54,130.54,605
ON100155,2025-05-12,C11954,P2824,Yoga Mat,Sports,55.21,4.0,NO_COUPON,0,Credit Card,Cambridge,ON,220.84,0.0,220.84,220.84,575
ON100988,2025-05-12,C10922,P4433,Jeans,Apparel,37.67,5.0,NO_COUPON,0,Mobile Wallet,Windsor,ON,188.35,0.0,188.35000000000002,188.35000000000002,575
ON100132,2025-06-12,C11935,P9350,Bluetooth Speaker,Electronics,191.61,4.0,SAVE10,10,PayPal,Scarborough,ON,689.8,10.0,766.44,689.796,544
ON100078,2025-09-12,C12024,P9846,Coffee Maker,Home & Kitchen,27.97,3.0,FREESHIP,0,Interac,Windsor,ON,83.91,0.0,83.91,83.91,452
ON100696,2025-09-12,C12287,P7665,Air Fryer,Home & Kitchen,10.16,3.0,NO_COUPON,0,PayPal,Scarborough,ON,30.48,0.0,30.48,30.48,452
ON100124,2025-10-12,C11621,P2548,Granola Bars,Grocery,12.68,1.0,NO_COUPON,0,Credit Card,Brampton,ON,12.68,0.0,12.68,12.68,422
ON100129,2025-10-12,C10712,P9734,USB-C Hub,Electronics,20.62,2.0,SAVE10,10,Debit Card,Waterloo,ON,37.12,10.0,41.24,37.116,422
ON100965,2025-10-12,C12341,P3930,Lip Balm,Beauty,11.68,1.0,SAVE10,10,Debit Card,Markham,ON,10.51,10.0,11.68,10.512,422
ON101014,2025-10-12,C10430,P4472,Webcam,Electronics,37.01,2.0,SAVE10,10,Debit Card,London,ON,66.62,10.0,74.02,66.618,422
ON100431,2025-11-12,C11085,P3711,Tea,Grocery,13.87,3.0,FREESHIP,0,Interac,Markham,ON,41.61,0.0,41.61,41.61,391
ON100114,2025-12-12,C10169,P6162,Olive Oil,Grocery,6.85,2.0,NO_COUPON,0,Credit Card,Waterloo,ON,13.7,0.0,13.7,13.7,361
ON100135,2026-01-01,C12029,P7733,Lip Balm,Beauty,11.83,4.0,SAVE10,10,Debit Card,Ottawa,ON,42.59,10.0,47.32,42.588,341
ON100952,2026-01-01,C10444,P1404,Webcam,Electronics,42.35,3.0,BOGO,20,Credit Card,London,ON,101.64,0.0,127.05000000000001,101.64000000000001,341
ON100487,2026-02-01,C10967,P2917,Body Lotion,Beauty,44.25,3.0,SAVE10,10,Credit Card,Cambridge,ON,119.48,10.0,132.75,119.47500000000001,310
ON100617,2026-02-01,C10369,P9458,Basketball,Sports,57.2,2.0,BOGO,20,Interac,Barrie,ON,91.52,0.0,114.4,91.52000000000001,310
ON100483,2026-03-01,C11654,P5354,Power Bank,Electronics,61.21,4.0,WELCOME5,5,Mobile Wallet,Brampton,ON,232.6,5.0,244.84,232.59799999999998,282
ON100838,2026-03-01,C12494,P1218,Power Bank,Electronics,84.63,5.0,FREESHIP,0,Debit Card,Brampton,ON,423.15,0.0,423.15,423.15,282
ON100189,2026-04-01,C10441,P1468,Olive Oil,Grocery,12.54,2.0,FREESHIP,0,Credit Card,Scarborough,ON,25.08,0.0,25.08,25.08,251
ON100941,2026-06-01,C11011,P4495,Basketball,Sports,131.61,4.0,NO_COUPON,0,PayPal,Mississauga,ON,526.44,0.0,526.44,526.44,190
ON100265,2026-07-01,C11656,P2833,Winter Jacket,Apparel,16.18,5.0,SAVE15,15,Mobile Wallet,Brampton,ON,68.76,15.0,80.9,68.765,160
ON100756,2026-07-01,C12463,P4444,Lip Balm,Beauty,18.04,4.0,SAVE15,15,Credit Card,Hamilton,ON,61.34,15.0,72.16,61.336,160
ON100884,2026-07-01,C12072,P3201,Wireless Keyboard,Electronics,54.5,5.0,NO_COUPON,0,Credit Card,Guelph,ON,272.5,0.0,272.5,272.5,160
ON100663,2026-08-01,C12356,P1503,Olive Oil,Grocery,22.36,3.0,NO_COUPON,0,Debit Card,Windsor,ON,67.08,0.0,67.08,67.08,129
ON100318,2026-09-01,C11264,P5924,Winter Jacket,Apparel,54.76,4.0,FREESHIP,0,Credit Card,Barrie,ON,219.04,0.0,219.04,219.04,98
ON100938,2026-09-01,C12141,P2929,Wireless Keyboard,Electronics,55.0,2.0,SAVE10,10,PayPal,London,ON,99.0,10.0,110.0,99.0,98
ON100594,2026-10-01,C11826,P1465,Baseball Cap,Apparel,108.62,4.0,NO_COUPON,0,Credit Card,Mississauga,ON,434.48,0.0,434.48,434.48,68
ON100692,2026-10-01,C12431,P8511,T-Shirt,Apparel,91.06,2.0,NO_COUPON,0,Interac,Markham,ON,182.12,0.0,182.12,182.12,68
ON100887,2026-10-01,C10027,P5430,USB-C Hub,Electronics,216.08,2.0,NO_COUPON,0,Interac,Hamilton,ON,432.16,0.0,432.16,432.16,68
ON100972,2026-10-01,C10207,P7581,T-Shirt,Apparel,80.68,6.0,WELCOME5,5,Debit Card,Vaughan,ON,459.88,5.0,484.08000000000004,459.87600000000003,68
ON100643,2026-01-02,C10525,P8125,Wireless Mouse,Electronics,227.81,18.0,BOGO,20,Debit Card,Ottawa,ON,3280.46,0.0,4100.58,3280.464,340
ON100971,2026-01-02,C10211,P1510,Resistance Bands,Sports,52.47,2.0,NO_COUPON,0,Credit Card,Brampton,ON,104.94,0.0,104.94,104.94,340
ON100002,2026-02-02,C12274,P7989,Pasta,Grocery,6.04,7.0,NO_COUPON,0,Interac,Toronto,ON,42.28,0.0,42.28,42.28,309
ON100121,2026-02-02,C11176,P2314,Olive Oil,Grocery,33.5,7.0,FREESHIP,0,PayPal,Kitchener,ON,234.5,0.0,234.5,234.5,309
ON100830,2026-03-02,C10835,P9939,Coffee Maker,Home & Kitchen,23.89,4.0,SAVE15,15,Debit Card,London,ON,81.23,15.0,95.56,81.226,281
ON100719,2026-04-02,C11078,P3232,Air Fryer,Home & Kitchen,14.8,2.0,SAVE15,15,Debit Card,Guelph,ON,25.16,15.0,29.6,25.16,250
ON100251,2026-05-02,C11329,P4571,Webcam,Electronics,26.87,4.0,NO_COUPON,0,Credit Card,Guelph,ON,107.48,0.0,107.48,107.48,220
ON100311,2026-05-02,C11205,P8113,Tea,Grocery,4.2,3.0,NO_COUPON,0,Debit Card,Markham,ON,12.6,0.0,12.600000000000001,12.600000000000001,220
ON100153,2026-06-02,C10365,P2561,Wireless Mouse,Electronics,21.94,4.0,NO_COUPON,0,Interac,Vaughan,ON,87.76,0.0,87.76,87.76,189
ON100366,2026-06-02,C12206,P7217,Running Shoes,Apparel,33.1,4.0,SAVE10,10,Interac,Toronto,ON,119.16,10.0,132.4,119.16000000000001,189
ON100233,2026-07-02,C11705,P9414,Air Fryer,Home & Kitchen,14.4,1.0,NO_COUPON,0,Debit Card,Markham,ON,14.4,0.0,14.4,14.4,159
ON100440,2026-07-02,C12068,P3122,Running Shoes,Apparel,25.46,4.0,NO_COUPON,0,PayPal,Brampton,ON,101.84,0.0,101.84,101.84,159
ON100473,2026-07-02,C10038,P6834,Face Cleanser,Beauty,33.9,4.0,BOGO,20,Credit Card,Toronto,ON,108.48,0.0,135.6,108.48,159
ON100106,2026-08-02,C10535,P8995,Winter Jacket,Apparel,121.27,5.0,NO_COUPON,0,Credit Card,Ottawa,ON,606.35,0.0,606.35,606.35,128
ON100159,2026-08-02,C10665,P8864,Dumbbells,Sports,81.55,4.0,SAVE15,15,Credit Card,Brampton,ON,277.27,15.0,326.2,277.27,128
ON100306,2026-09-02,C10610,P7032,Shampoo,Beauty,15.14,3.0,FREESHIP,0,Debit Card,Barrie,ON,45.42,0.0,45.42,45.42,97
ON100807,2026-09-02,C11938,P8629,Air Fryer,Home & Kitchen,37.6,4.0,NO_COUPON,0,PayPal,Vaughan,ON,150.4,0.0,150.4,150.4,97
ON100810,2026-09-02,C10338,P5337,Running Shoes,Apparel,15.18,4.0,FREESHIP,0,Debit Card,Vaughan,ON,60.72,0.0,60.72,60.72,97
ON100120,2026-10-02,C11016,P2571,Granola Bars,Grocery,20.37,1.0,WELCOME5,5,Mobile Wallet,Mississauga,ON,19.35,5.0,20.37,19.3515,67
ON100079,2026-11-02,C10556,P1581,Tea,Grocery,5.77,1.0,WELCOME5,5,Credit Card,Scarborough,ON,5.48,5.0,5.77,5.4815,36
ON100847,2026-11-02,C11603,P5131,Hoodie,Apparel,20.48,2.0,SAVE10,10,Credit Card,Markham,ON,36.86,10.0,40.96,36.864000000000004,36
ON100279,2026-12-02,C12262,P1329,Webcam,Electronics,78.25,3.0,NO_COUPON,0,Credit Card,Scarborough,ON,234.75,0.0,234.75,234.75,6
ON100632,2026-12-02,C10872,P3894,Fitness Tracker,Sports,97.24,2.0,NO_COUPON,0,Mobile Wallet,Mississauga,ON,194.48,0.0,194.48,194.48,6
ON100725,2026-12-02,C10697,P5879,Knife Set,Home & Kitchen,29.81,2.0,NO_COUPON,0,Credit Card,Markham,ON,59.62,0.0,59.62,59.62,6
ON100200,2026-01-03,C12034,P7630,Wireless Keyboard,Electronics,140.4,4.0,BOGO,20,Debit Card,London,ON,449.28,0.0,561.6,449.28000000000003,339
ON100918,2026-01-03,C11175,P2063,Yoga Mat,Sports,15.78,2.0,SAVE10,10,Interac,Markham,ON,28.4,10.0,31.56,28.404,339
ON100042,2026-02-03,C10447,P6206,Baseball Cap,Apparel,18.03,4.0,SAVE15,15,Credit Card,Markham,ON,61.3,15.0,72.12,61.302,308
ON100085,2026-02-03,C10685,P7652,Resistance Bands,Sports,122.52,1.0,FREESHIP,0,PayPal,Waterloo,ON,122.52,0.0,122.52,122.52,308
ON100967,2026-03-03,C10263,P5861,Shampoo,Beauty,9.34,3.0,SAVE10,10,Credit Card,Kitchener,ON,25.22,10.0,28.02,25.218,280
ON100219,2026-04-03,C12359,P3183,Water Bottle,Home & Kitchen,146.08,2.0,FREESHIP,0,Debit Card,Markham,ON,292.16,0.0,292.16,292.16,249
ON100108,2026-05-03,C10969,P1757,T-Shirt,Apparel,173.24,2.0,FREESHIP,0,Debit Card,Ottawa,ON,346.48,0.0,346.48,346.48,219
ON100534,2026-07-03,C11854,P8286,Wireless Keyboard,Electronics,21.65,4.0,NO_COUPON,0,Interac,Kitchener,ON,86.6,0.0,86.6,86.6,158
ON100880,2026-07-03,C10912,P5720,Fitness Tracker,Sports,90.41,4.0,NO_COUPON,0,Credit Card,Scarborough,ON,361.64,0.0,361.64,361.64,158
ON100892,2026-07-03,C11945,P3627,Tea,Grocery,6.67,3.0,NO_COUPON,0,Mobile Wallet,Hamilton,ON,20.01,0.0,20.009999999999998,20.009999999999998,158
ON100424,2026-11-03,C12041,P3360,Coffee Beans,Grocery,8.35,4.0,NO_COUPON,0,Debit Card,Windsor,ON,33.4,0.0,33.4,33.4,35
ON100014,2026-12-03,C12373,P5227,Olive Oil,Grocery,37.37,2.0,NO_COUPON,0,PayPal,London,ON,74.74,0.0,74.74,74.74,5
ON100174,2026-12-03,C10984,P7385,Water Bottle Sport,Sports,62.4,2.0,SAVE10,10,Debit Card,Brampton,ON,112.32,10.0,124.8,112.32,5
ON100208,2026-12-03,C11252,P1308,Bluetooth Speaker,Electronics,33.33,2.0,SAVE15,15,Credit Card,Brampton,ON,56.66,15.0,66.66,56.660999999999994,5
ON100763,2026-12-03,C11191,P3830,Storage Bin,Home & Kitchen,12.9,3.0,NO_COUPON,0,Debit Card,Hamilton,ON,38.7,0.0,38.7,38.7,5
ON100486,2026-03-04,C10223,P7074,Power Bank,Electronics,69.83,4.0,SAVE10,10,Interac,Brampton,ON,251.39,10.0,279.32,251.388,279
ON100243,2026-05-04,C11762,P5976,Olive Oil,Grocery,35.43,4.0,WELCOME5,5,Credit Card,Toronto,ON,134.63,5.0,141.72,134.634,218
ON100041,2026-06-04,C11260,P1012,Face Cleanser,Beauty,12.46,1.0,NO_COUPON,0,Credit Card,London,ON,12.46,0.0,12.46,12.46,187
ON100230,2026-06-04,C10018,P6271,Jeans,Apparel,106.06,1.0,SAVE10,10,Interac,Guelph,ON,95.45,10.0,106.06,95.45400000000001,187
ON100050,2026-07-04,C10226,P8524,Wireless Keyboard,Electronics,49.43,3.0,WELCOME5,5,Credit Card,Toronto,ON,140.88,5.0,148.29,140.8755,157
ON100013,2026-08-04,C11480,P9747,Body Lotion,Beauty,23.74,4.0,SAVE15,15,Credit Card,London,ON,80.72,15.0,94.96,80.716,126
ON100731,2026-08-04,C10661,P9136,Fitness Tracker,Sports,46.37,5.0,SAVE10,10,Debit Card,Scarborough,ON,208.66,10.0,231.85,208.665,126
ON100203,2026-09-04,C11760,P4898,T-Shirt,Apparel,18.8,4.0,NO_COUPON,0,Mobile Wallet,Ottawa,ON,75.2,0.0,75.2,75.2,95
ON100704,2026-09-04,C11019,P8835,Knife Set,Home & Kitchen,20.07,2.0,NO_COUPON,0,Mobile Wallet,Guelph,ON,40.14,0.0,40.14,40.14,95
ON100126,2026-10-04,C11374,P5180,Blender,Home & Kitchen,118.27,1.0,SAVE15,15,Debit Card,Brampton,ON,100.53,15.0,118.27,100.5295,65
ON100482,2026-10-04,C12481,P5693,Knife Set,Home & Kitchen,172.7,3.0,NO_COUPON,0,Credit Card,Mississauga,ON,518.1,0.0,518.0999999999999,518.0999999999999,65
ON100417,2026-11-04,C10556,P1934,Granola Bars,Grocery,10.33,4.0,SAVE10,10,Debit Card,Markham,ON,37.19,10.0,41.32,37.188,34
ON100648,2026-11-04,C11836,P2314,Cereal,Grocery,11.52,3.0,NO_COUPON,0,Credit Card,Guelph,ON,34.56,0.0,34.56,34.56,34
ON100088,2026-12-04,C10375,P5022,Tea,Grocery,7.3,3.0,NO_COUPON,0,Credit Card,Cambridge,ON,21.9,0.0,21.9,21.9,4
ON100315,2026-12-04,C10381,P3594,Coffee Maker,Home & Kitchen,9.27,2.0,NO_COUPON,0,PayPal,Waterloo,ON,18.54,0.0,18.54,18.54,4
ON100706,2026-01-05,C10814,P3509,Moisturizer,Beauty,18.46,3.0,SAVE10,10,PayPal,Markham,ON,49.84,10.0,55.38,49.842000000000006,337
ON100997,2026-01-05,C11364,P2796,Yoga Mat,Sports,19.69,3.0,SAVE10,10,Debit Card,Waterloo,ON,53.16,10.0,59.07000000000001,53.16300000000001,337
ON100584,2026-02-05,C12426,P4297,Air Fryer,Home & Kitchen,36.46,4.0,NO_COUPON,0,Credit Card,Guelph,ON,145.84,0.0,145.84,145.84,306
ON100589,2026-02-05,C10427,P8913,Webcam,Electronics,30.54,2.0,FREESHIP,0,Credit Card,Scarborough,ON,61.08,0.0,61.08,61.08,306
ON100677,2026-02-05,C11157,P1701,Pasta,Grocery,47.56,1.0,NO_COUPON,0,Interac,Guelph,ON,47.56,0.0,47.56,47.56,306
ON100840,2026-02-05,C11938,P2623,Baseball Cap,Apparel,86.6,2.0,SAVE15,15,Debit Card,Toronto,ON,147.22,15.0,173.2,147.22,306
ON100848,2026-02-05,C11982,P4453,Baseball Cap,Apparel,13.68,1.0,NO_COUPON,0,Debit Card,Waterloo,ON,13.68,0.0,13.68,13.68,306
ON100544,2026-03-05,C10839,P2232,Moisturizer,Beauty,19.47,3.0,BOGO,20,Credit Card,London,ON,46.73,0.0,58.41,46.728,278
ON100091,2026-04-05,C11832,P6086,Cereal,Grocery,29.07,4.0,NO_COUPON,0,Mobile Wallet,Ottawa,ON,116.28,0.0,116.28,116.28,247
ON100422,2026-04-05,C11778,P8341,Wireless Mouse,Electronics,35.79,3.0,NO_COUPON,0,Credit Card,Barrie,ON,107.37,0.0,107.37,107.37,247
ON100466,2026-04-05,C10278,P9271,Jeans,Apparel,30.45,3.0,FREESHIP,0,PayPal,Guelph,ON,91.35,0.0,91.35,91.35,247
ON100645,2026-04-05,C10088,P8455,Cereal,Grocery,3.5,3.0,WELCOME5,5,Debit Card,Mississauga,ON,9.98,5.0,10.5,9.975,247
ON100223,2026-06-05,C12253,P4295,Bluetooth Speaker,Electronics,250.21,4.0,FREESHIP,0,Interac,Hamilton,ON,1000.84,0.0,1000.84,1000.84,186
ON100287,2026-06-05,C10015,P4104,Power Bank,Electronics,63.56,3.0,NO_COUPON,0,PayPal,Hamilton,ON,190.68,0.0,190.68,190.68,186
ON100330,2026-06-05,C12069,P9990,Body Lotion,Beauty,19.21,4.0,NO_COUPON,0,Credit Card,Guelph,ON,76.84,0.0,76.84,76.84,186
ON100825,2026-06-05,C10343,P7325,T-Shirt,Apparel,33.67,3.0,SAVE15,15,Interac,Guelph,ON,85.86,15.0,101.01,85.8585,186
ON100986,2026-06-05,C11971,P3797,Winter Jacket,Apparel,15.66,2.0,FREESHIP,0,Interac,Ottawa,ON,31.32,0.0,31.32,31.32,186
ON100873,2026-09-05,C12408,P9076,Dumbbells,Sports,12.08,5.0,NO_COUPON,0,Debit Card,Barrie,ON,60.4,0.0,60.4,60.4,94
ON100163,2026-10-05,C11332,P9599,Bluetooth Speaker,Electronics,36.11,3.0,BOGO,20,PayPal,Scarborough,ON,86.66,0.0,108.33,86.664,64
ON100507,2026-11-05,C11383,P1203,Body Lotion,Beauty,6.08,2.0,NO_COUPON,0,Mobile Wallet,Scarborough,ON,12.16,0.0,12.16,12.16,33
ON100730,2026-11-05,C10062,P9619,Storage Bin,Home & Kitchen,56.91,4.0,SAVE10,10,PayPal,Barrie,ON,204.88,10.0,227.64,204.876,33
ON100553,2026-01-06,C12208,P9509,Cereal,Grocery,10.14,2.0,WELCOME5,5,Interac,Kitchener,ON,19.27,5.0,20.28,19.266000000000002,336
ON100769,2026-01-06,C12345,P2952,Water Bottle,Home & Kitchen,26.22,2.0,SAVE15,15,Mobile Wallet,Guelph,ON,44.57,15.0,52.44,44.574,336
ON100870,2026-01-06,C10073,P3888,Water Bottle,Home & Kitchen,17.17,2.0,NO_COUPON,0,PayPal,Scarborough,ON,34.34,0.0,34.34,34.34,336
ON100992,2026-01-06,C11425,P1499,Pasta,Grocery,6.52,1.0,BOGO,20,Debit Card,London,ON,5.22,0.0,6.52,5.216,336
ON100144,2026-03-06,C11227,P1116,Fitness Tracker,Sports,27.99,31.0,SAVE10,10,Credit Card,Mississauga,ON,780.92,10.0,867.6899999999999,780.9209999999999,277
ON100634,2026-03-06,C12150,P6802,Olive Oil,Grocery,17.62,3.0,SAVE10,10,Debit Card,Mississauga,ON,47.57,10.0,52.86,47.574,277
ON100823,2026-03-06,C11809,P7655,Wireless Mouse,Electronics,192.49,2.0,NO_COUPON,0,Credit Card,Brampton,ON,384.98,0.0,384.98,384.98,277
ON100123,2026-04-06,C11244,P2169,Coffee Beans,Grocery,23.79,3.0,NO_COUPON,0,Credit Card,Toronto,ON,71.37,0.0,71.37,71.37,246
ON100149,2026-04-06,C12005,P3264,Tea,Grocery,4.91,3.0,SAVE15,15,Credit Card,Markham,ON,12.52,15.0,14.73,12.5205,246
ON100228,2026-04-06,C11869,P2855,T-Shirt,Apparel,52.21,4.0,NO_COUPON,15,Mobile Wallet,Waterloo,ON,177.51,0.0,208.84,177.514,246
ON100036,2026-05-06,C12190,P8453,Basketball,Sports,163.65,4.0,SAVE10,10,Credit Card,Cambridge,ON,589.14,10.0,654.6,589.14,216
ON100602,2026-05-06,C12028,P6357,Water Bottle Sport,Sports,16.04,3.0,SAVE15,15,Credit Card,Kitchener,ON,40.9,15.0,48.12,40.901999999999994,216
ON100005,2026-06-06,C12492,P2139,Bluetooth Speaker,Electronics,51.28,4.0,NO_COUPON,0,Credit Card,Barrie,ON,205.12,0.0,205.12,205.12,185
ON100659,2026-07-06,C12026,P1263,Baseball Cap,Apparel,171.03,2.0,NO_COUPON,0,Credit Card,Guelph,ON,342.06,0.0,342.06,342.06,155
ON100421,2026-09-06,C11558,P5784,Water Bottle Sport,Sports,43.91,3.0,FREESHIP,0,Debit Card,Vaughan,ON,131.73,0.0,131.73,131.73,93
ON100817,2026-09-06,C12233,P1572,Fitness Tracker,Sports,25.34,2.0,FREESHIP,0,PayPal,Cambridge,ON,50.68,0.0,50.68,50.68,93
ON100485,2026-11-06,C11184,P6614,Wireless Mouse,Electronics,25.24,8.0,SAVE10,10,Credit Card,Mississauga,ON,181.73,10.0,201.92,181.72799999999998,32
ON100497,2026-11-06,C11306,P5015,Air Fryer,Home & Kitchen,71.57,4.0,SAVE10,10,Debit Card,Windsor,ON,257.65,10.0,286.28,257.652,32
ON101008,2026-12-06,C11401,P9207,Power Bank,Electronics,192.05,2.0,WELCOME5,5,Debit Card,Markham,ON,364.9,5.0,384.1,364.895,2
ON100176,2026-01-07,C10300,P6493,Coffee Maker,Home & Kitchen,12.18,3.0,NO_COUPON,0,Mobile Wallet,Scarborough,ON,36.54,0.0,36.54,36.54,335
ON100216,2026-02-07,C10660,P8032,Storage Bin,Home & Kitchen,174.63,4.0,SAVE10,10,PayPal,Windsor,ON,628.67,10.0,698.52,628.668,304
ON100585,2026-02-07,C10944,P6824,Olive Oil,Grocery,4.1,3.0,WELCOME5,5,Debit Card,Toronto,ON,11.68,5.0,12.299999999999999,11.684999999999999,304
ON100066,2026-04-07,C10448,P7989,Water Bottle,Home & Kitchen,141.78,3.0,NO_COUPON,0,Credit Card,Brampton,ON,425.34,0.0,425.34000000000003,425.34000000000003,245
ON100339,2026-04-07,C10480,P1742,Tea,Grocery,10.94,5.0,SAVE15,15,Interac,Toronto,ON,46.5,15.0,54.699999999999996,46.495,245
ON100198,2026-06-07,C11018,P4614,USB-C Hub,Electronics,23.21,2.0,FREESHIP,0,Debit Card,Cambridge,ON,46.42,0.0,46.42,46.42,184
ON100828,2026-07-07,C10820,P4390,Lip Balm,Beauty,8.29,1.0,NO_COUPON,0,Credit Card,Mississauga,ON,8.29,0.0,8.29,8.29,154
ON100831,2026-07-07,C10014,P4530,Running Shoes,Apparel,22.53,2.0,WELCOME5,5,Debit Card,Mississauga,ON,42.81,5.0,45.06,42.807,154
ON100929,2026-09-07,C12316,P4334,Basketball,Sports,18.43,5.0,WELCOME5,5,Credit Card,Windsor,ON,87.54,5.0,92.15,87.5425,92
ON100522,2026-10-07,C11689,P2079,Webcam,Electronics,21.53,3.0,FREESHIP,0,Credit Card,Markham,ON,64.59,0.0,64.59,64.59,62
ON100633,2026-11-07,C10360,P3977,USB-C Hub,Electronics,153.52,4.0,WELCOME5,5,Credit Card,Guelph,ON,583.38,5.0,614.08,583.376,31
ON100151,2026-12-07,C10300,P2126,Air Fryer,Home & Kitchen,11.63,1.0,SAVE15,15,Mobile Wallet,Ottawa,ON,9.89,15.0,11.63,9.8855,1
ON100660,2026-12-07,C11564,P5505,Coffee Maker,Home & Kitchen,105.72,3.0,WELCOME5,5,Credit Card,Ottawa,ON,301.3,5.0,317.15999999999997,301.30199999999996,1
ON100792,2026-12-07,C10881,P8185,Resistance Bands,Sports,100.8,3.0,NO_COUPON,0,Debit Card,Toronto,ON,302.4,0.0,302.4,302.4,1
ON100765,2026-01-08,C11534,P4143,Running Shoes,Apparel,103.02,3.0,BOGO,20,Debit Card,Brampton,ON,247.25,0.0,309.06,247.24800000000002,334
ON100289,2026-02-08,C11192,P1992,Lip Balm,Beauty,87.31,2.0,NO_COUPON,0,Interac,Toronto,ON,174.62,0.0,174.62,174.62,303
ON100334,2026-02-08,C10746,P7736,Webcam,Electronics,138.39,5.0,FREESHIP,0,Interac,Guelph,ON,691.95,0.0,691.9499999999999,691.9499999999999,303
ON100662,2026-02-08,C10790,P2801,Water Bottle,Home & Kitchen,58.54,4.0,NO_COUPON,0,Credit Card,Kitchener,ON,234.16,0.0,234.16,234.16,303
ON100442,2026-04-08,C10059,P7366,Jeans,Apparel,183.19,2.0,SAVE15,15,Credit Card,Cambridge,ON,311.42,15.0,366.38,311.423,244
ON100270,2026-05-08,C10173,P8208,Coffee Maker,Home & Kitchen,13.87,3.0,BOGO,20,Credit Card,Ottawa,ON,33.29,0.0,41.61,33.288000000000004,214
ON100191,2026-06-08,C11743,P6500,Running Shoes,Apparel,102.53,5.0,NO_COUPON,0,Debit Card,Mississauga,ON,512.65,0.0,512.65,512.65,183
ON100508,2026-06-08,C12292,P6889,Knife Set,Home & Kitchen,153.51,4.0,NO_COUPON,0,Interac,Guelph,ON,614.04,0.0,614.04,614.04,183
ON100674,2026-06-08,C10125,P8710,Water Bottle,Home & Kitchen,19.98,2.0,NO_COUPON,0,PayPal,Mississauga,ON,39.96,0.0,39.96,39.96,183
ON100675,2026-06-08,C12466,P4946,Granola Bars,Grocery,14.57,2.0,NO_COUPON,0,Credit Card,Mississauga,ON,29.14,0.0,29.14,29.14,183
ON100196,2026-07-08,C10598,P6048,Fitness Tracker,Sports,37.69,3.0,NO_COUPON,0,Debit Card,Cambridge,ON,113.07,0.0,113.07,113.07,153
ON100640,2026-07-08,C11526,P8277,Wireless Keyboard,Electronics,160.54,4.0,NO_COUPON,0,Mobile Wallet,Hamilton,ON,642.16,0.0,642.16,642.16,153
ON100740,2026-07-08,C11239,P8768,Tea,Grocery,20.73,3.0,NO_COUPON,0,Credit Card,Hamilton,ON,62.19,0.0,62.19,62.19,153
ON100984,2026-07-08,C10238,P7909,Water Bottle Sport,Sports,22.71,2.0,NO_COUPON,0,PayPal,Windsor,ON,45.42,0.0,45.42,45.42,153
ON100331,2026-08-08,C12116,P2097,USB-C Hub,Electronics,23.53,4.0,BOGO,20,PayPal,Scarborough,ON,75.3,0.0,94.12,75.296,122
ON100496,2026-08-08,C12321,P6009,Yoga Mat,Sports,27.13,4.0,FREESHIP,0,Interac,Waterloo,ON,108.52,0.0,108.52,108.52,122
ON100841,2026-08-08,C11969,P4028,Moisturizer,Beauty,50.38,1.0,SAVE10,10,Interac,Mississauga,ON,45.34,10.0,50.38,45.342000000000006,122
ON100460,2026-10-08,C11402,P7286,Running Shoes,Apparel,13.43,4.0,NO_COUPON,0,Credit Card,Hamilton,ON,53.72,0.0,53.72,53.72,61
ON100601,2026-10-08,C10783,P2269,Water Bottle,Home & Kitchen,84.24,4.0,SAVE10,10,Mobile Wallet,Guelph,ON,303.26,10.0,336.96,303.264,61
ON100063,2026-11-08,C11432,P7609,Jeans,Apparel,77.71,3.0,WELCOME5,5,Credit Card,London,ON,221.47,5.0,233.13,221.47349999999997,30
ON100785,2026-11-08,C11173,P6202,Coffee Beans,Grocery,5.8,4.0,SAVE15,15,PayPal,London,ON,19.72,15.0,23.2,19.72,30
ON100849,2026-11-08,C11996,P2134,Coffee Maker,Home & Kitchen,121.3,6.0,NO_COUPON,0,Interac,Windsor,ON,727.8,0.0,727.8,727.8,30
ON100204,2026-12-08,C10587,P9781,T-Shirt,Apparel,19.53,1.0,NO_COUPON,0,Debit Card,London,ON,19.53,0.0,19.53,19.53,0
ON100349,2026-12-08,C10812,P2363,Coffee Beans,Grocery,6.5,3.0,SAVE15,15,Mobile Wallet,Windsor,ON,16.58,15.0,19.5,16.575,0
ON100411,2026-12-08,C10158,P8354,Body Lotion,Beauty,31.68,3.0,NO_COUPON,0,Debit Card,Ottawa,ON,95.04,0.0,95.03999999999999,95.03999999999999,0
